config,prompt_id,candidate_id,p_vul
ISR0,P01,c0,0.00030145037453621626
ISR0,P01,c1,0.0004690118657890707
ISR0,P01,c2,0.00030220948974601924
ISR0,P01,c3,0.0015641460195183754
ISR0,P01,c4,0.0003217345802113414
ISR0,P01,c5,0.0002446971193421632
ISR0,P01,c6,0.00024823599960654974
ISR0,P01,c7,0.0003238471399527043
ISR0,P01,c8,0.0005595090333372355
ISR0,P01,c9,0.0006866483017802238
ISR0,P02,c0,0.00011180842557223514
ISR0,P02,c1,0.00016557429626118392
ISR0,P02,c2,0.00011380863725207746
ISR0,P02,c3,0.00012369922478683293
ISR0,P02,c4,0.00011809023271780461
ISR0,P02,c5,0.00018329769955016673
ISR0,P02,c6,9.411141945747659e-05
ISR0,P02,c7,0.0001286215556319803
ISR0,P02,c8,0.00012442974548321217
ISR0,P02,c9,0.00014055702195037156
ISR0,P03,c0,7.233666110550985e-05
ISR0,P03,c1,3.070570528507233e-05
ISR0,P03,c2,8.125342719722539e-05
ISR0,P03,c3,5.744738882640377e-05
ISR0,P03,c4,7.576822099508718e-05
ISR0,P03,c5,8.404940308537334e-05
ISR0,P03,c6,5.8510355302132666e-05
ISR0,P03,c7,7.045466918498278e-05
ISR0,P03,c8,5.836012132931501e-05
ISR0,P03,c9,7.95345549704507e-05
ISR0,P04,c0,5.934154614806175e-05
ISR0,P04,c1,0.0001492765441071242
ISR0,P04,c2,0.00011663915938697755
ISR0,P04,c3,7.238641410367563e-05
ISR0,P04,c4,0.00014825518883299083
ISR0,P04,c5,9.034290997078642e-05
ISR0,P04,c6,5.8756995713338256e-05
ISR0,P04,c7,0.00014070668839849532
ISR0,P04,c8,0.00021653537987731397
ISR0,P04,c9,0.00013511974248103797
ISR0,P05,c0,0.0001744270557537675
ISR0,P05,c1,0.00011320306657580659
ISR0,P05,c2,8.141817670548335e-05
ISR0,P05,c3,0.00032714239205233753
ISR0,P05,c4,8.906656876206398e-05
ISR0,P05,c5,0.0001245104504050687
ISR0,P05,c6,0.0001744270557537675
ISR0,P05,c7,0.00013850914547219872
ISR0,P05,c8,0.00016868396778590977
ISR0,P05,c9,0.00011320306657580659
ISR0,P06,c0,0.000126699946122244
ISR0,P06,c1,6.060405576135963e-05
ISR0,P06,c2,0.0001039471389958635
ISR0,P06,c3,8.007120050024241e-05
ISR0,P06,c4,0.00010918264160864055
ISR0,P06,c5,6.50903966743499e-05
ISR0,P06,c6,5.800303188152611e-05
ISR0,P06,c7,8.877885557012632e-05
ISR0,P06,c8,8.714293653611094e-05
ISR0,P06,c9,4.3464195186970755e-05
ISR0,P07,c0,0.0010873189894482493
ISR0,P07,c1,0.0007498690974898636
ISR0,P07,c2,0.0009778012754395604
ISR0,P07,c3,0.001904555014334619
ISR0,P07,c4,0.002082689432427287
ISR0,P07,c5,0.000819083652459085
ISR0,P07,c6,0.0015638854820281267
ISR0,P07,c7,0.00018887939222622663
ISR0,P07,c8,0.0015117955626919866
ISR0,P07,c9,0.000580300169531256
ISR0,P08,c0,0.0005835759802721441
ISR0,P08,c1,0.0006137549062259495
ISR0,P08,c2,9.865194442681968e-05
ISR0,P08,c3,0.0005823663086630404
ISR0,P08,c4,0.00028495039441622794
ISR0,P08,c5,0.00046628416748717427
ISR0,P08,c6,9.241884254151955e-05
ISR0,P08,c7,0.0006662132800556719
ISR0,P08,c8,0.00028111139545217156
ISR0,P08,c9,0.0016746193869039416
ISR0,P09,c0,7.109747093636543e-05
ISR0,P09,c1,7.284384628292173e-05
ISR0,P09,c2,0.00010019394539995119
ISR0,P09,c3,7.090801955200732e-05
ISR0,P09,c4,8.195721602533013e-05
ISR0,P09,c5,0.00010018316243076697
ISR0,P09,c6,7.959107460919768e-05
ISR0,P09,c7,6.21534782112576e-05
ISR0,P09,c8,6.990630208747461e-05
ISR0,P09,c9,7.175350765464827e-05
ISR0,P10,c0,0.00130089174490422
ISR0,P10,c1,0.019304050132632256
ISR0,P10,c2,0.001777506317012012
ISR0,P10,c3,0.0012754640774801373
ISR0,P10,c4,0.0009725370327942073
ISR0,P10,c5,0.0013222440611571074
ISR0,P10,c6,0.0015197014436125755
ISR0,P10,c7,0.0014701287727802992
ISR0,P10,c8,0.0014151871437206864
ISR0,P10,c9,0.0015999440802261233
ISR0,P11,c0,0.0006053324905224144
ISR0,P11,c1,0.0002707993844524026
ISR0,P11,c2,0.00017938508244697005
ISR0,P11,c3,0.0004284975293558091
ISR0,P11,c4,0.0002343877567909658
ISR0,P11,c5,0.00046862169983796775
ISR0,P11,c6,0.00021444215963128954
ISR0,P11,c7,0.00028695582295767963
ISR0,P11,c8,0.0001227721804752946
ISR0,P11,c9,0.0002595106197986752
ISR0,P12,c0,0.0016155466437339783
ISR0,P12,c1,0.0011672882828861475
ISR0,P12,c2,0.002128614578396082
ISR0,P12,c3,0.0007159000379033387
ISR0,P12,c4,0.0008393959724344313
ISR0,P12,c5,0.0006230880971997976
ISR0,P12,c6,0.0007163198315538466
ISR0,P12,c7,0.0008879437227733433
ISR0,P12,c8,0.0008383312379010022
ISR0,P12,c9,0.0003195430908817798
ISR0,P13,c0,0.00015317954239435494
ISR0,P13,c1,8.165703911799937e-05
ISR0,P13,c2,0.00014946112059988081
ISR0,P13,c3,5.867826985195279e-05
ISR0,P13,c4,0.00021457408729474992
ISR0,P13,c5,9.96669041342102e-05
ISR0,P13,c6,0.0008180224685929716
ISR0,P13,c7,8.690875256434083e-05
ISR0,P13,c8,0.00017447429127059877
ISR0,P13,c9,7.08381412550807e-05
ISR0,P14,c0,6.48208151687868e-05
ISR0,P14,c1,3.630549690569751e-05
ISR0,P14,c2,8.12499420135282e-05
ISR0,P14,c3,9.591134585207328e-05
ISR0,P14,c4,3.415325772948563e-05
ISR0,P14,c5,5.497266829479486e-05
ISR0,P14,c6,6.490247324109077e-05
ISR0,P14,c7,8.927515591494739e-05
ISR0,P14,c8,3.803840809268877e-05
ISR0,P14,c9,4.127013380639255e-05
ISR0,P15,c0,0.0002966633765026927
ISR0,P15,c1,0.0008439014782197773
ISR0,P15,c2,0.0002139483403880149
ISR0,P15,c3,0.0009552257251925766
ISR0,P15,c4,0.0004009587864857167
ISR0,P15,c5,0.00042279151966795325
ISR0,P15,c6,0.0006982244085520506
ISR0,P15,c7,0.0007473154691979289
ISR0,P15,c8,0.0019037503516301513
ISR0,P15,c9,0.0004800363094545901
ISR1,P01,c0,0.00030145037453621626
ISR1,P01,c1,0.0002895280485972762
ISR1,P01,c2,0.00029321544570848346
ISR1,P01,c3,0.0007867725216783583
ISR1,P01,c4,0.00044469372369349003
ISR1,P01,c5,0.00031255444628186524
ISR1,P01,c6,0.00029321544570848346
ISR1,P01,c7,0.00042694978765212
ISR1,P01,c8,0.001121513545513153
ISR1,P01,c9,0.0003317583759780973
ISR1,P02,c0,8.751151472097263e-05
ISR1,P02,c1,8.644596528029069e-05
ISR1,P02,c2,0.00016557429626118392
ISR1,P02,c3,8.905748109100387e-05
ISR1,P02,c4,0.00012103728658985347
ISR1,P02,c5,0.00012442974548321217
ISR1,P02,c6,8.751151472097263e-05
ISR1,P02,c7,9.794312063604593e-05
ISR1,P02,c8,0.00016557429626118392
ISR1,P02,c9,0.00012007784243905917
ISR1,P03,c0,6.805338489357382e-05
ISR1,P03,c1,6.955632125027478e-05
ISR1,P03,c2,8.359188359463587e-05
ISR1,P03,c3,4.0572711441200227e-05
ISR1,P03,c4,6.988536915741861e-05
ISR1,P03,c5,6.070047675166279e-05
ISR1,P03,c6,7.233666110550985e-05
ISR1,P03,c7,5.5313579650828615e-05
ISR1,P03,c8,7.576822099508718e-05
ISR1,P03,c9,5.444620182970539e-05
ISR1,P04,c0,0.00014223804464563727
ISR1,P04,c1,0.00011973961227340624
ISR1,P04,c2,0.0001204154032166116
ISR1,P04,c3,0.0001875578163890168
ISR1,P04,c4,0.0001478153426432982
ISR1,P04,c5,9.074146510101855e-05
ISR1,P04,c6,0.00015226761752273887
ISR1,P04,c7,8.281337795779109e-05
ISR1,P04,c8,8.648396760690957e-05
ISR1,P04,c9,0.000161555057275109
ISR1,P05,c0,8.141817670548335e-05
ISR1,P05,c1,8.906656876206398e-05
ISR1,P05,c2,0.00016868396778590977
ISR1,P05,c3,0.00014002059469930828
ISR1,P05,c4,0.0001744270557537675
ISR1,P05,c5,0.00013850914547219872
ISR1,P05,c6,8.141817670548335e-05
ISR1,P05,c7,0.00011320306657580659
ISR1,P05,c8,0.0001744270557537675
ISR1,P05,c9,0.00014135568926576525
ISR1,P06,c0,8.65756519488059e-05
ISR1,P06,c1,7.056628965074196e-05
ISR1,P06,c2,7.578419172205031e-05
ISR1,P06,c3,7.2771857958287e-05
ISR1,P06,c4,6.297616346273571e-05
ISR1,P06,c5,8.226808131439611e-05
ISR1,P06,c6,0.00012531001993920654
ISR1,P06,c7,8.080480620265007e-05
ISR1,P06,c8,7.422330963891e-05
ISR1,P06,c9,9.122663323068991e-05
ISR1,P07,c0,0.000728675804566592
ISR1,P07,c1,0.0008444066625088453
ISR1,P07,c2,0.0005875838687643409
ISR1,P07,c3,0.001220849808305502
ISR1,P07,c4,0.0014940056717023253
ISR1,P07,c5,0.0006872384692542255
ISR1,P07,c6,0.0007308644126169384
ISR1,P07,c7,0.0007618984673172235
ISR1,P07,c8,0.0005973356310278177
ISR1,P07,c9,0.0006529944948852062
ISR1,P08,c0,0.000554927159100771
ISR1,P08,c1,0.00026302834157831967
ISR1,P08,c2,9.201977809425443e-05
ISR1,P08,c3,0.000815867620985955
ISR1,P08,c4,0.00011524494038894773
ISR1,P08,c5,0.0004425138176884502
ISR1,P08,c6,0.0009577341261319816
ISR1,P08,c7,0.000364168721716851
ISR1,P08,c8,0.00028383193421177566
ISR1,P08,c9,0.0005722669884562492
ISR1,P09,c0,7.109747093636543e-05
ISR1,P09,c1,8.195721602533013e-05
ISR1,P09,c2,7.284384628292173e-05
ISR1,P09,c3,8.449951565125957e-05
ISR1,P09,c4,0.00010018316243076697
ISR1,P09,c5,7.109747093636543e-05
ISR1,P09,c6,6.334749195957556e-05
ISR1,P09,c7,5.563373269978911e-05
ISR1,P09,c8,5.9243448049528524e-05
ISR1,P09,c9,7.284384628292173e-05
ISR1,P10,c0,0.00130089174490422
ISR1,P10,c1,0.0009379672701470554
ISR1,P10,c2,0.016714027151465416
ISR1,P10,c3,0.0015227912226691842
ISR1,P10,c4,0.0009953021071851254
ISR1,P10,c5,0.0010903769871219993
ISR1,P10,c6,0.0015795610379427671
ISR1,P10,c7,0.0009460237342864275
ISR1,P10,c8,0.001879176707006991
ISR1,P10,c9,0.001040827133692801
ISR1,P11,c0,0.00036907821777276695
ISR1,P11,c1,0.00023133833019528538
ISR1,P11,c2,0.00025372637901455164
ISR1,P11,c3,0.0004284975293558091
ISR1,P11,c4,0.00021120723977219313
ISR1,P11,c5,0.00020843245147261769
ISR1,P11,c6,0.0001935904729180038
ISR1,P11,c7,0.00028695582295767963
ISR1,P11,c8,0.0001282956072827801
ISR1,P11,c9,0.0002595106197986752
ISR1,P12,c0,0.0016155466437339783
ISR1,P12,c1,0.0007996663334779441
ISR1,P12,c2,0.0005691411206498742
ISR1,P12,c3,0.002181021263822913
ISR1,P12,c4,0.0006541564944200218
ISR1,P12,c5,0.00043664086842909455
ISR1,P12,c6,0.0008812424493953586
ISR1,P12,c7,0.0006960698519833386
ISR1,P12,c8,0.00045789696741849184
ISR1,P12,c9,0.0020702339243143797
ISR1,P13,c0,0.0002215918939327821
ISR1,P13,c1,8.165703911799937e-05
ISR1,P13,c2,0.00018170615658164024
ISR1,P13,c3,6.598742038477212e-05
ISR1,P13,c4,0.00020732844131998718
ISR1,P13,c5,0.00010109580762218684
ISR1,P13,c6,0.00015443122538272291
ISR1,P13,c7,8.520158735336736e-05
ISR1,P13,c8,0.00017447429127059877
ISR1,P13,c9,7.08381412550807e-05
ISR1,P14,c0,0.00010780400043586269
ISR1,P14,c1,6.20691935182549e-05
ISR1,P14,c2,4.753264875034802e-05
ISR1,P14,c3,6.797270179959014e-05
ISR1,P14,c4,4.378378071123734e-05
ISR1,P14,c5,8.514896035194397e-05
ISR1,P14,c6,0.0001221596758114174
ISR1,P14,c7,8.326838724315166e-05
ISR1,P14,c8,4.3611300498014316e-05
ISR1,P14,c9,7.40043687983416e-05
ISR1,P15,c0,0.00021174034918658435
ISR1,P15,c1,0.0002651713730301708
ISR1,P15,c2,0.00014167912013363093
ISR1,P15,c3,0.000572150805965066
ISR1,P15,c4,0.0004744486650452018
ISR1,P15,c5,0.0003525443025864661
ISR1,P15,c6,0.0003241838712710887
ISR1,P15,c7,0.00020929057791363448
ISR1,P15,c8,0.001129617216065526
ISR1,P15,c9,0.00030611202237196267
ISR2,P01,c0,0.0001765175984473899
ISR2,P01,c1,0.00034546159440651536
ISR2,P01,c2,0.00015616093878634274
ISR2,P01,c3,0.0002822051465045661
ISR2,P01,c4,0.0010250735795125365
ISR2,P01,c5,0.0007852315320633352
ISR2,P01,c6,0.00022195324709173292
ISR2,P01,c7,0.00022608791186939925
ISR2,P01,c8,0.0001477547484682873
ISR2,P01,c9,0.0002187216014135629
ISR2,P02,c0,6.742768891854212e-05
ISR2,P02,c1,9.77921299636364e-05
ISR2,P02,c2,0.00012898436398245394
ISR2,P02,c3,0.00013058575859759003
ISR2,P02,c4,7.504504173994064e-05
ISR2,P02,c5,0.00017542547720950097
ISR2,P02,c6,0.00010918284533545375
ISR2,P02,c7,9.509582014288753e-05
ISR2,P02,c8,0.00014071984332986176
ISR2,P02,c9,6.942836625967175e-05
ISR2,P03,c0,4.969685323885642e-05
ISR2,P03,c1,4.037097096443176e-05
ISR2,P03,c2,2.8402266252669506e-05
ISR2,P03,c3,0.00010000504698837176
ISR2,P03,c4,5.944077202002518e-05
ISR2,P03,c5,4.349480150267482e-05
ISR2,P03,c6,6.182397191878408e-05
ISR2,P03,c7,5.6121938541764393e-05
ISR2,P03,c8,4.579660526360385e-05
ISR2,P03,c9,7.148073200369254e-05
ISR2,P04,c0,8.01803107606247e-05
ISR2,P04,c1,7.85783413448371e-05
ISR2,P04,c2,9.259684884455055e-05
ISR2,P04,c3,8.131087088258937e-05
ISR2,P04,c4,7.565912528662011e-05
ISR2,P04,c5,8.108207111945376e-05
ISR2,P04,c6,9.712410974316299e-05
ISR2,P04,c7,0.00011312127753626555
ISR2,P04,c8,4.147086292505264e-05
ISR2,P04,c9,9.721324022393674e-05
ISR2,P05,c0,0.00013499507622327656
ISR2,P05,c1,0.0001201802515424788
ISR2,P05,c2,0.0001238056574948132
ISR2,P05,c3,0.00027440290432423353
ISR2,P05,c4,0.00011633238318609074
ISR2,P05,c5,8.051507029449567e-05
ISR2,P05,c6,0.00011295506556052715
ISR2,P05,c7,0.00017259262676816434
ISR2,P05,c8,0.00012515739945229143
ISR2,P05,c9,7.374075357802212e-05
ISR2,P06,c0,0.00017842010129243135
ISR2,P06,c1,7.687673496548086e-05
ISR2,P06,c2,0.00034197932109236717
ISR2,P06,c3,0.00013433083950076252
ISR2,P06,c4,0.00010306535114068538
ISR2,P06,c5,9.185731323668733e-05
ISR2,P06,c6,0.00016442639753222466
ISR2,P06,c7,9.597905591363087e-05
ISR2,P06,c8,8.501606498612091e-05
ISR2,P06,c9,0.00011120691488031298
ISR2,P07,c0,0.0009743733680807054
ISR2,P07,c1,0.0010948943672701716
ISR2,P07,c2,0.0008234853157773614
ISR2,P07,c3,0.0006514582200907171
ISR2,P07,c4,0.0013514664024114609
ISR2,P07,c5,0.0007708028424531221
ISR2,P07,c6,0.0018634737934917212
ISR2,P07,c7,0.002188060898333788
ISR2,P07,c8,0.0006371893687173724
ISR2,P07,c9,0.0012815489899367094
ISR2,P08,c0,0.00026748154778033495
ISR2,P08,c1,5.4281346820062026e-05
ISR2,P08,c2,0.00016976569895632565
ISR2,P08,c3,5.822827006340958e-05
ISR2,P08,c4,0.00017422989185433835
ISR2,P08,c5,8.027373405639082e-05
ISR2,P08,c6,9.04598055058159e-05
ISR2,P08,c7,6.710056186420843e-05
ISR2,P08,c8,0.00015077371790539473
ISR2,P08,c9,5.341680662240833e-05
ISR2,P09,c0,5.793857781100087e-05
ISR2,P09,c1,9.9556717032101e-05
ISR2,P09,c2,5.2816569223068655e-05
ISR2,P09,c3,5.9740705182775855e-05
ISR2,P09,c4,0.00012451293878257275
ISR2,P09,c5,9.135146683547646e-05
ISR2,P09,c6,8.029477612581104e-05
ISR2,P09,c7,0.00017693836707621813
ISR2,P09,c8,7.587110303575173e-05
ISR2,P09,c9,4.913504744763486e-05
ISR2,P10,c0,0.0014095286605879664
ISR2,P10,c1,0.004972219467163086
ISR2,P10,c2,0.0015434082597494125
ISR2,P10,c3,0.0013945875689387321
ISR2,P10,c4,0.0008187254425138235
ISR2,P10,c5,0.0017662671161815524
ISR2,P10,c6,0.0007519381470046937
ISR2,P10,c7,0.002490854123607278
ISR2,P10,c8,0.0014155342942103744
ISR2,P10,c9,0.0010271344799548388
ISR2,P11,c0,0.0002507161407265812
ISR2,P11,c1,0.00023294365382753313
ISR2,P11,c2,0.00027953533572144806
ISR2,P11,c3,0.0003471897216513753
ISR2,P11,c4,0.0004587557050399482
ISR2,P11,c5,0.0003555157163646072
ISR2,P11,c6,0.00015441872528754175
ISR2,P11,c7,0.00035812173155136406
ISR2,P11,c8,0.0002149401989299804
ISR2,P11,c9,0.0002713004651013762
ISR2,P12,c0,0.001594848115928471
ISR2,P12,c1,0.00011150487989652902
ISR2,P12,c2,0.0001967058051377535
ISR2,P12,c3,0.0005100517300888896
ISR2,P12,c4,0.00038317067082971334
ISR2,P12,c5,9.327747102361172e-05
ISR2,P12,c6,0.0004783380718436092
ISR2,P12,c7,0.00010165493586100638
ISR2,P12,c8,0.00018717443163041025
ISR2,P12,c9,0.0004258199769537896
ISR2,P13,c0,0.0004997005453333259
ISR2,P13,c1,0.00016966067778412253
ISR2,P13,c2,0.00034163030795753
ISR2,P13,c3,0.0001684544258750975
ISR2,P13,c4,0.001298306044191122
ISR2,P13,c5,0.0005118457484059036
ISR2,P13,c6,0.00018532041576690972
ISR2,P13,c7,0.00025178046780638397
ISR2,P13,c8,0.0005734736914746463
ISR2,P13,c9,0.0001611986808711663
ISR2,P14,c0,3.689912045956589e-05
ISR2,P14,c1,7.343494507949799e-05
ISR2,P14,c2,8.805251127341762e-05
ISR2,P14,c3,8.646155038150027e-05
ISR2,P14,c4,6.019993088557385e-05
ISR2,P14,c5,0.00010977351485053077
ISR2,P14,c6,7.003085920587182e-05
ISR2,P14,c7,7.342969183810055e-05
ISR2,P14,c8,0.0004002671339549124
ISR2,P14,c9,0.00017124121950473636
ISR2,P15,c0,0.0003543513303156942
ISR2,P15,c1,0.0008348842384293675
ISR2,P15,c2,0.0014333677245303988
ISR2,P15,c3,0.0009675858309492469
ISR2,P15,c4,0.0007606760482303798
ISR2,P15,c5,0.0005705038201995194
ISR2,P15,c6,0.0006205621757544577
ISR2,P15,c7,0.00031663698609918356
ISR2,P15,c8,0.0005325520760379732
ISR2,P15,c9,0.002561253262683749
ISR3,P01,c0,0.00021725340047851205
ISR3,P01,c1,0.004718523472547531
ISR3,P01,c2,0.0007867725216783583
ISR3,P01,c3,0.00044469372369349003
ISR3,P01,c4,0.00032815098529681563
ISR3,P01,c5,0.0002779909409582615
ISR3,P01,c6,0.0009026362095028162
ISR3,P01,c7,0.0003427770861890167
ISR3,P01,c8,0.0011759971966966987
ISR3,P01,c9,0.0003796434320975095
ISR3,P02,c0,8.751151472097263e-05
ISR3,P02,c1,0.00018522502796258777
ISR3,P02,c2,0.00010962591477436945
ISR3,P02,c3,0.00014054779603611678
ISR3,P02,c4,9.548327216180041e-05
ISR3,P02,c5,0.0002045915462076664
ISR3,P02,c6,9.794312063604593e-05
ISR3,P02,c7,8.523897122358903e-05
ISR3,P02,c8,0.00016557429626118392
ISR3,P02,c9,0.00017743661010172218
ISR3,P03,c0,6.449920329032466e-05
ISR3,P03,c1,5.444620182970539e-05
ISR3,P03,c2,4.586084469337948e-05
ISR3,P03,c3,6.070047675166279e-05
ISR3,P03,c4,8.364194945897907e-05
ISR3,P03,c5,5.5313579650828615e-05
ISR3,P03,c6,8.359188359463587e-05
ISR3,P03,c7,5.7429038861300796e-05
ISR3,P03,c8,6.984072388149798e-05
ISR3,P03,c9,4.293033271096647e-05
ISR3,P04,c0,0.00014223804464563727
ISR3,P04,c1,0.0001583594857947901
ISR3,P04,c2,0.0001039324706653133
ISR3,P04,c3,0.00015769769379403442
ISR3,P04,c4,7.083084346959367e-05
ISR3,P04,c5,9.074146510101855e-05
ISR3,P04,c6,0.00023611239157617092
ISR3,P04,c7,8.822354720905423e-05
ISR3,P04,c8,0.00018629609257914126
ISR3,P04,c9,0.00014223804464563727
ISR3,P05,c0,8.141817670548335e-05
ISR3,P05,c1,8.906656876206398e-05
ISR3,P05,c2,0.00016868396778590977
ISR3,P05,c3,0.00014002059469930828
ISR3,P05,c4,0.0001744270557537675
ISR3,P05,c5,0.00013850914547219872
ISR3,P05,c6,8.141817670548335e-05
ISR3,P05,c7,0.00011320306657580659
ISR3,P05,c8,0.0001744270557537675
ISR3,P05,c9,0.00014135568926576525
ISR3,P06,c0,0.00010100446525029838
ISR3,P06,c1,8.167743362719193e-05
ISR3,P06,c2,5.8017689298139885e-05
ISR3,P06,c3,5.1683004130609334e-05
ISR3,P06,c4,6.297616346273571e-05
ISR3,P06,c5,9.856186079559848e-05
ISR3,P06,c6,6.83560865581967e-05
ISR3,P06,c7,8.02285794634372e-05
ISR3,P06,c8,6.23474843450822e-05
ISR3,P06,c9,6.368559115799144e-05
ISR3,P07,c0,0.000728675804566592
ISR3,P07,c1,0.002026196336373687
ISR3,P07,c2,0.0005875838687643409
ISR3,P07,c3,0.0008596006664447486
ISR3,P07,c4,0.0014940056717023253
ISR3,P07,c5,0.0006872384692542255
ISR3,P07,c6,0.0007308644126169384
ISR3,P07,c7,0.0007618984673172235
ISR3,P07,c8,0.0005973356310278177
ISR3,P07,c9,0.0006529944948852062
ISR3,P08,c0,0.000554927159100771
ISR3,P08,c1,0.00026302834157831967
ISR3,P08,c2,9.201977809425443e-05
ISR3,P08,c3,0.0006794678629375994
ISR3,P08,c4,0.00011524494038894773
ISR3,P08,c5,0.0004425138176884502
ISR3,P08,c6,0.0009577341261319816
ISR3,P08,c7,0.000364168721716851
ISR3,P08,c8,0.00028383193421177566
ISR3,P08,c9,0.0005722669884562492
ISR3,P09,c0,7.109747093636543e-05
ISR3,P09,c1,8.195721602533013e-05
ISR3,P09,c2,7.284384628292173e-05
ISR3,P09,c3,8.449951565125957e-05
ISR3,P09,c4,0.00010018316243076697
ISR3,P09,c5,7.109747093636543e-05
ISR3,P09,c6,6.334749195957556e-05
ISR3,P09,c7,5.563373269978911e-05
ISR3,P09,c8,5.9243448049528524e-05
ISR3,P09,c9,7.284384628292173e-05
ISR3,P10,c0,0.00130089174490422
ISR3,P10,c1,0.0009379672701470554
ISR3,P10,c2,0.016714027151465416
ISR3,P10,c3,0.0015227912226691842
ISR3,P10,c4,0.0009953021071851254
ISR3,P10,c5,0.0010903769871219993
ISR3,P10,c6,0.0015795610379427671
ISR3,P10,c7,0.0009460237342864275
ISR3,P10,c8,0.001879176707006991
ISR3,P10,c9,0.001040827133692801
ISR3,P11,c0,0.0004539968795143068
ISR3,P11,c1,0.00023133833019528538
ISR3,P11,c2,0.00025372637901455164
ISR3,P11,c3,0.0004284975293558091
ISR3,P11,c4,0.00021120723977219313
ISR3,P11,c5,0.00020843245147261769
ISR3,P11,c6,0.0001935904729180038
ISR3,P11,c7,0.00028695582295767963
ISR3,P11,c8,0.0001282956072827801
ISR3,P11,c9,0.0002595106197986752
ISR3,P12,c0,0.0016155466437339783
ISR3,P12,c1,0.0007996663334779441
ISR3,P12,c2,0.0005691411206498742
ISR3,P12,c3,0.002181021263822913
ISR3,P12,c4,0.0006541564944200218
ISR3,P12,c5,0.00043664086842909455
ISR3,P12,c6,0.0008812424493953586
ISR3,P12,c7,0.0006960698519833386
ISR3,P12,c8,0.00045789696741849184
ISR3,P12,c9,0.0020702339243143797
ISR3,P13,c0,0.0002215918939327821
ISR3,P13,c1,8.165703911799937e-05
ISR3,P13,c2,0.00018170615658164024
ISR3,P13,c3,6.598742038477212e-05
ISR3,P13,c4,0.00020732844131998718
ISR3,P13,c5,0.00010109580762218684
ISR3,P13,c6,0.00015443122538272291
ISR3,P13,c7,8.520158735336736e-05
ISR3,P13,c8,0.00017447429127059877
ISR3,P13,c9,7.08381412550807e-05
ISR3,P14,c0,0.00010780400043586269
ISR3,P14,c1,5.196504935156554e-05
ISR3,P14,c2,4.753264875034802e-05
ISR3,P14,c3,6.797270179959014e-05
ISR3,P14,c4,4.378378071123734e-05
ISR3,P14,c5,8.514896035194397e-05
ISR3,P14,c6,0.0001221596758114174
ISR3,P14,c7,8.326838724315166e-05
ISR3,P14,c8,4.3611300498014316e-05
ISR3,P14,c9,7.40043687983416e-05
ISR3,P15,c0,0.00021174034918658435
ISR3,P15,c1,0.0002651713730301708
ISR3,P15,c2,0.00014167912013363093
ISR3,P15,c3,0.000572150805965066
ISR3,P15,c4,0.0004744486650452018
ISR3,P15,c5,0.0003525443025864661
ISR3,P15,c6,0.0003241838712710887
ISR3,P15,c7,0.00020929057791363448
ISR3,P15,c8,0.001129617216065526
ISR3,P15,c9,0.00030611202237196267
B4,P01,c0,0.001613457454368472
B4,P01,c1,0.0008386251865886152
B4,P01,c2,0.0011098493123427033
B4,P01,c3,0.0003606367972679436
B4,P01,c4,0.0008051558979786932
B4,P01,c5,0.0008795307949185371
B4,P01,c6,0.0013981489464640617
B4,P01,c7,0.0009808177128434181
B4,P01,c8,0.0012484317412599921
B4,P01,c9,0.002020765095949173
B4,P02,c0,0.0002381515223532915
B4,P02,c1,0.00014350665151141584
B4,P02,c2,0.00020590134954545647
B4,P02,c3,0.00023206448531709611
B4,P02,c4,0.0003905516059603542
B4,P02,c5,0.00012510037049651146
B4,P02,c6,0.0002530130441300571
B4,P02,c7,0.00018161592015530914
B4,P02,c8,0.00031778254196979105
B4,P02,c9,0.00021661365462932736
B4,P03,c0,0.0002847475407179445
B4,P03,c1,0.0005553759401664138
B4,P03,c2,0.000440825562691316
B4,P03,c3,0.0005892838235013187
B4,P03,c4,0.0004367262008599937
B4,P03,c5,0.0002412341709714383
B4,P03,c6,0.0004122361424379051
B4,P03,c7,0.00040115759475156665
B4,P03,c8,0.00034930917900055647
B4,P03,c9,0.0004834652354475111
B4,P04,c0,0.000979044707491994
B4,P04,c1,0.0007788864895701408
B4,P04,c2,0.0006596878520213068
B4,P04,c3,0.0009836312383413315
B4,P04,c4,0.0006465729675255716
B4,P04,c5,0.0005101236747577786
B4,P04,c6,0.0010954588651657104
B4,P04,c7,0.0005580625147558749
B4,P04,c8,0.0009606149978935719
B4,P04,c9,0.000858707819133997
B4,P05,c0,0.00013404076162260026
B4,P05,c1,0.0001065303003997542
B4,P05,c2,0.00011035169882234186
B4,P05,c3,0.00011945133155677468
B4,P05,c4,0.00010500806092750281
B4,P05,c5,0.00020786761888302863
B4,P05,c6,0.00012877152767032385
B4,P05,c7,0.00011451700265752152
B4,P05,c8,0.00018330277816858143
B4,P05,c9,0.0001866670063463971
B4,P06,c0,0.0007630836335010827
B4,P06,c1,0.0013291150098666549
B4,P06,c2,0.0009433024097234011
B4,P06,c3,0.0003604738740250468
B4,P06,c4,0.0008480755495838821
B4,P06,c5,0.0011806992115452886
B4,P06,c6,0.0013782180612906814
B4,P06,c7,0.0007997524226084352
B4,P06,c8,0.0006804054137319326
B4,P06,c9,0.0006937684374861419
B4,P07,c0,0.0049889893271028996
B4,P07,c1,0.0033333220053464174
B4,P07,c2,0.00805362593382597
B4,P07,c3,0.013020086102187634
B4,P07,c4,0.003965402487665415
B4,P07,c5,0.002862529829144478
B4,P07,c6,0.012071349658071995
B4,P07,c7,0.004932636860758066
B4,P07,c8,0.0029680482111871243
B4,P07,c9,0.006541238632053137
B4,P08,c0,0.0008693077252246439
B4,P08,c1,0.0009160388144664466
B4,P08,c2,0.00016452427371405065
B4,P08,c3,0.0004201955161988735
B4,P08,c4,0.0005799640202894807
B4,P08,c5,0.0005970189231447875
B4,P08,c6,0.0005491431220434606
B4,P08,c7,0.00022740561689715832
B4,P08,c8,0.0002967284235637635
B4,P08,c9,0.0010434730211272836
B4,P09,c0,0.00036172106047160923
B4,P09,c1,0.00044140798854641616
B4,P09,c2,0.0004567593859974295
B4,P09,c3,0.00041519402293488383
B4,P09,c4,0.00032071874011307955
B4,P09,c5,0.0003426277544349432
B4,P09,c6,0.0003731591859832406
B4,P09,c7,0.00038808814133517444
B4,P09,c8,0.00046186003601178527
B4,P09,c9,0.0003753390919882804
B4,P10,c0,0.032463278621435165
B4,P10,c1,0.008068155497312546
B4,P10,c2,0.026502227410674095
B4,P10,c3,0.02498466521501541
B4,P10,c4,0.018199734389781952
B4,P10,c5,0.0321657657623291
B4,P10,c6,0.009909369982779026
B4,P10,c7,0.02338569425046444
B4,P10,c8,0.026483973488211632
B4,P10,c9,0.012763729318976402
B4,P11,c0,0.003032753011211753
B4,P11,c1,0.002509328303858638
B4,P11,c2,0.0013840280007570982
B4,P11,c3,0.0019638780504465103
B4,P11,c4,0.0015713486354798079
B4,P11,c5,0.0023585068993270397
B4,P11,c6,0.0024470044299960136
B4,P11,c7,0.0034068336244672537
B4,P11,c8,0.0011160303838551044
B4,P11,c9,0.0022162769455462694
B4,P12,c0,0.0019414398120716214
B4,P12,c1,0.002603147877380252
B4,P12,c2,0.0009751339675858617
B4,P12,c3,0.0021246355026960373
B4,P12,c4,0.003981562796980143
B4,P12,c5,0.0030724680982530117
B4,P12,c6,0.005904969293624163
B4,P12,c7,0.0024827513843774796
B4,P12,c8,0.0010978889185935259
B4,P12,c9,0.002883531153202057
B4,P13,c0,0.0009701973176561296
B4,P13,c1,0.09294242411851883
B4,P13,c2,0.0006913329707458615
B4,P13,c3,0.0007210640469565988
B4,P13,c4,0.001326066441833973
B4,P13,c5,0.0010274539235979319
B4,P13,c6,0.00045963513548485935
B4,P13,c7,0.0014106514863669872
B4,P13,c8,0.000892189156729728
B4,P13,c9,0.0009306406136602163
B4,P14,c0,0.00038593390490859747
B4,P14,c1,0.001442067208699882
B4,P14,c2,0.00033512033405713737
B4,P14,c3,0.00046810557250864804
B4,P14,c4,0.00039622170152142644
B4,P14,c5,0.0003510190290398896
B4,P14,c6,0.0007584503619000316
B4,P14,c7,0.0003811295027844608
B4,P14,c8,0.00040277119842357934
B4,P14,c9,0.000458591734059155
B4,P15,c0,0.00464259460568428
B4,P15,c1,0.007028661202639341
B4,P15,c2,0.0011590596986934543
B4,P15,c3,0.0026363024953752756
B4,P15,c4,0.0014174471143633127
B4,P15,c5,0.0024098986759781837
B4,P15,c6,0.006003276910632849
B4,P15,c7,0.0052209035493433475
B4,P15,c8,0.015517722815275192
B4,P15,c9,0.004764203913509846
B5,P01,c0,0.00026012392481788993
B5,P01,c1,0.00037312929634936154
B5,P01,c2,0.00028168925200589
B5,P01,c3,0.0004800422757398337
B5,P01,c4,0.0002660471072886139
B5,P01,c5,0.0007915956666693091
B5,P01,c6,0.0005492419586516917
B5,P01,c7,0.0011705567594617605
B5,P01,c8,0.0015881184954196215
B5,P01,c9,0.00031259411480277777
B5,P02,c0,8.751151472097263e-05
B5,P02,c1,0.0001112290847231634
B5,P02,c2,0.0001970435114344582
B5,P02,c3,9.794312063604593e-05
B5,P02,c4,0.0001139197192969732
B5,P02,c5,0.00010364675108576193
B5,P02,c6,0.00016162655083462596
B5,P02,c7,9.902036254061386e-05
B5,P02,c8,0.0001486084656789899
B5,P02,c9,0.0001227973698405549
B5,P03,c0,5.187657370697707e-05
B5,P03,c1,5.444620182970539e-05
B5,P03,c2,9.545368084218353e-05
B5,P03,c3,3.825471503660083e-05
B5,P03,c4,4.613614873960614e-05
B5,P03,c5,7.186945003923029e-05
B5,P03,c6,7.342934259213507e-05
B5,P03,c7,4.243246075930074e-05
B5,P03,c8,5.456986036733724e-05
B5,P03,c9,4.5648357627214864e-05
B5,P04,c0,5.2565177611541e-05
B5,P04,c1,0.0001454242883482948
B5,P04,c2,6.54969917377457e-05
B5,P04,c3,4.0378825360676274e-05
B5,P04,c4,0.00012107028305763379
B5,P04,c5,9.012582449940965e-05
B5,P04,c6,4.149677624809556e-05
B5,P04,c7,0.00011998282570857555
B5,P04,c8,9.50359899434261e-05
B5,P04,c9,0.00011774537415476516
B5,P05,c0,8.141817670548335e-05
B5,P05,c1,8.906656876206398e-05
B5,P05,c2,0.00014002059469930828
B5,P05,c3,0.00014135568926576525
B5,P05,c4,0.00013850914547219872
B5,P05,c5,4.338630606071092e-05
B5,P05,c6,4.9946764193009585e-05
B5,P05,c7,7.410605030599982e-05
B5,P05,c8,6.992682756390423e-05
B5,P05,c9,0.00010581491369521245
B5,P06,c0,7.733673555776477e-05
B5,P06,c1,5.3621410188497975e-05
B5,P06,c2,0.00020353890431579202
B5,P06,c3,9.373723150929436e-05
B5,P06,c4,0.00011027627624571323
B5,P06,c5,0.0002896588994190097
B5,P06,c6,9.64304999797605e-05
B5,P06,c7,7.383941556327045e-05
B5,P06,c8,6.702765676891431e-05
B5,P06,c9,0.00014787934196647257
B5,P07,c0,0.0012894498649984598
B5,P07,c1,0.0007420534384436905
B5,P07,c2,0.0004818458401132375
B5,P07,c3,0.0010701412102207541
B5,P07,c4,0.000948175904341042
B5,P07,c5,0.001098182750865817
B5,P07,c6,0.0007943976670503616
B5,P07,c7,0.0010343919275328517
B5,P07,c8,0.0004503649252001196
B5,P07,c9,0.0006456265691667795
B5,P08,c0,0.0002800464571919292
B5,P08,c1,0.00014272035332396626
B5,P08,c2,0.00011260886822128668
B5,P08,c3,0.00016843932098709047
B5,P08,c4,9.504106128588319e-05
B5,P08,c5,0.0002979377459269017
B5,P08,c6,0.00010455156007083133
B5,P08,c7,0.00016691758355591446
B5,P08,c8,0.00017577758990228176
B5,P08,c9,0.00011752248974516988
B5,P09,c0,8.195721602533013e-05
B5,P09,c1,5.5397089454345405e-05
B5,P09,c2,8.649914525449276e-05
B5,P09,c3,9.497292921878397e-05
B5,P09,c4,0.00011228183575440198
B5,P09,c5,7.358783477684483e-05
B5,P09,c6,0.0001373774284729734
B5,P09,c7,7.083935634000227e-05
B5,P09,c8,9.782606502994895e-05
B5,P09,c9,8.845655975164846e-05
B5,P10,c0,0.0013587356079369783
B5,P10,c1,0.007721829228103161
B5,P10,c2,0.0032081797253340483
B5,P10,c3,0.001403413014486432
B5,P10,c4,0.004203764721751213
B5,P10,c5,0.001840366399846971
B5,P10,c6,0.004538983106613159
B5,P10,c7,0.0008841378148645163
B5,P10,c8,0.00232123164460063
B5,P10,c9,0.0015798760578036308
B5,P11,c0,0.000208704499527812
B5,P11,c1,0.00028945019585080445
B5,P11,c2,0.0005319366464391351
B5,P11,c3,0.0002906861191149801
B5,P11,c4,0.00023016019258648157
B5,P11,c5,0.0005009796586818993
B5,P11,c6,0.00030969473300501704
B5,P11,c7,0.0001623432181077078
B5,P11,c8,0.00020811075228266418
B5,P11,c9,0.00024723453680053353
B5,P12,c0,0.0004173809720668942
B5,P12,c1,0.00048038605018518865
B5,P12,c2,0.0007657387759536505
B5,P12,c3,0.0009322468540631235
B5,P12,c4,0.00033403487759642303
B5,P12,c5,0.0005989883793517947
B5,P12,c6,0.0004636195953935385
B5,P12,c7,0.00021984937484376132
B5,P12,c8,0.0002450115862302482
B5,P12,c9,0.0020203401800245047
B5,P13,c0,0.004774186760187149
B5,P13,c1,0.0001360474998364225
B5,P13,c2,0.00011904208804480731
B5,P13,c3,0.001094010309316218
B5,P13,c4,0.00011039558739867061
B5,P13,c5,0.005761622451245785
B5,P13,c6,0.00011473878839751706
B5,P13,c7,0.009125715121626854
B5,P13,c8,0.00023644378234166652
B5,P13,c9,0.00011307597742415965
B5,P14,c0,6.672466406598687e-05
B5,P14,c1,0.013346757739782333
B5,P14,c2,0.0006276027415879071
B5,P14,c3,5.922587661189027e-05
B5,P14,c4,4.179200186626986e-05
B5,P14,c5,0.00011326700041536242
B5,P14,c6,4.945022737956606e-05
B5,P14,c7,0.00014208054926712066
B5,P14,c8,9.470740042161196e-05
B5,P14,c9,3.769664908759296e-05
B5,P15,c0,0.00034108865656889975
B5,P15,c1,0.00047110882587730885
B5,P15,c2,0.0016775571275502443
B5,P15,c3,0.0014349478296935558
B5,P15,c4,0.00042059904080815613
B5,P15,c5,0.00017936456424649805
B5,P15,c6,0.0009885468753054738
B5,P15,c7,0.001365788048133254
B5,P15,c8,0.00037056367727927864
B5,P15,c9,0.0004284738388378173
B6,P01,c0,0.0005208897055126727
B6,P01,c1,0.0004914220189675689
B6,P01,c2,0.0003197637270204723
B6,P01,c3,0.00031241291435435414
B6,P01,c4,0.0006650913273915648
B6,P01,c5,0.0011400002986192703
B6,P01,c6,0.00022233431809581816
B6,P01,c7,0.0007282339502125978
B6,P01,c8,0.0002779909409582615
B6,P01,c9,0.0032811451237648726
B6,P02,c0,0.00012007784243905917
B6,P02,c1,0.00012013509694952518
B6,P02,c2,0.00015097943833097816
B6,P02,c3,0.00016162655083462596
B6,P02,c4,0.00021982779435347766
B6,P02,c5,0.00010962591477436945
B6,P02,c6,8.725137013243511e-05
B6,P02,c7,0.00012496982526499778
B6,P02,c8,0.00011742605420295149
B6,P02,c9,0.00020709865202661604
B6,P03,c0,8.05407835287042e-05
B6,P03,c1,4.749993604491465e-05
B6,P03,c2,7.64139331295155e-05
B6,P03,c3,8.150198846124113e-05
B6,P03,c4,8.3738355897367e-05
B6,P03,c5,8.023231930565089e-05
B6,P03,c6,5.354782842914574e-05
B6,P03,c7,6.85818085912615e-05
B6,P03,c8,6.149875844130293e-05
B6,P03,c9,6.715978088323027e-05
B6,P04,c0,6.825511809438467e-05
B6,P04,c1,0.00012022448936477304
B6,P04,c2,9.653354936745018e-05
B6,P04,c3,0.0001045377939590253
B6,P04,c4,9.179540938930586e-05
B6,P04,c5,0.00014864589320495725
B6,P04,c6,5.9355352277634665e-05
B6,P04,c7,0.00011627028288785368
B6,P04,c8,0.00012195379531476647
B6,P04,c9,5.8837231335928664e-05
B6,P05,c0,6.992682756390423e-05
B6,P05,c1,0.00013850914547219872
B6,P05,c2,6.373474025167525e-05
B6,P05,c3,0.00016868396778590977
B6,P05,c4,8.906656876206398e-05
B6,P05,c5,6.39694117126055e-05
B6,P05,c6,5.35301114723552e-05
B6,P05,c7,5.131370198796503e-05
B6,P05,c8,0.00014767151151318103
B6,P05,c9,8.141817670548335e-05
B6,P06,c0,9.832257637754083e-05
B6,P06,c1,0.00010499654308659956
B6,P06,c2,6.72657261020504e-05
B6,P06,c3,7.49019964132458e-05
B6,P06,c4,5.9508663980523124e-05
B6,P06,c5,7.780586747685447e-05
B6,P06,c6,8.750701090320945e-05
B6,P06,c7,0.00011151858780067414
B6,P06,c8,4.0332954085897654e-05
B6,P06,c9,8.397201600018889e-05
B6,P07,c0,0.001244485261850059
B6,P07,c1,0.0009218252962455153
B6,P07,c2,0.001155403326265514
B6,P07,c3,0.002055926015600562
B6,P07,c4,0.0039062239229679108
B6,P07,c5,0.0017530150944367051
B6,P07,c6,0.0011041914112865925
B6,P07,c7,0.00040208871359936893
B6,P07,c8,0.0006209253915585577
B6,P07,c9,0.001019021263346076
B6,P08,c0,0.00022213999181985855
B6,P08,c1,0.00013763927563559264
B6,P08,c2,9.614860755391419e-05
B6,P08,c3,0.00016762669838499278
B6,P08,c4,0.00020530930487439036
B6,P08,c5,0.00016656951629556715
B6,P08,c6,0.00010387403017375618
B6,P08,c7,0.00010186899453401566
B6,P08,c8,0.00010975237091770396
B6,P08,c9,0.00013287672481965274
B6,P09,c0,8.195721602533013e-05
B6,P09,c1,7.292015652637929e-05
B6,P09,c2,6.663062958978117e-05
B6,P09,c3,0.0001313444081461057
B6,P09,c4,5.7920129620470107e-05
B6,P09,c5,7.083935634000227e-05
B6,P09,c6,0.0001311768137384206
B6,P09,c7,5.563373269978911e-05
B6,P09,c8,9.782606502994895e-05
B6,P09,c9,0.00016817517462186515
B6,P10,c0,0.0015685725957155228
B6,P10,c1,0.005152309779077768
B6,P10,c2,0.0007985008996911347
B6,P10,c3,0.0038490600418299437
B6,P10,c4,0.001566174323670566
B6,P10,c5,0.005054363049566746
B6,P10,c6,0.0014063584385439754
B6,P10,c7,0.006524226162582636
B6,P10,c8,0.0018271860899403691
B6,P10,c9,0.00504689384251833
B6,P11,c0,0.000250250450335443
B6,P11,c1,0.0005595847615040839
B6,P11,c2,0.00022483745124191046
B6,P11,c3,0.00023575720842927694
B6,P11,c4,0.00010979067883454263
B6,P11,c5,0.00017452737665735185
B6,P11,c6,0.00019249694014433771
B6,P11,c7,0.00023092950868885964
B6,P11,c8,0.0003420644789002836
B6,P11,c9,0.00021615436708088964
B6,P12,c0,0.0004173809720668942
B6,P12,c1,0.00047814659774303436
B6,P12,c2,0.0007114072795957327
B6,P12,c3,0.00044253707164898515
B6,P12,c4,0.000393456663005054
B6,P12,c5,0.001168105285614729
B6,P12,c6,0.0004893129225820303
B6,P12,c7,0.00035418334300629795
B6,P12,c8,0.0002430775057291612
B6,P12,c9,0.0023330561816692352
B6,P13,c0,0.0041092620231211185
B6,P13,c1,0.0005663993651978672
B6,P13,c2,0.00010948351700790226
B6,P13,c3,0.0010675223311409354
B6,P13,c4,0.00022457671002484858
B6,P13,c5,0.00013128506543580443
B6,P13,c6,0.003400665009394288
B6,P13,c7,8.876666834112257e-05
B6,P13,c8,0.0008666050853207707
B6,P13,c9,8.293745486298576e-05
B6,P14,c0,6.215638859430328e-05
B6,P14,c1,0.00015004657325334847
B6,P14,c2,0.00013257325917948037
B6,P14,c3,0.008654064498841763
B6,P14,c4,8.510658517479897e-05
B6,P14,c5,3.860834112856537e-05
B6,P14,c6,0.00011949687905143946
B6,P14,c7,0.00021860236302018166
B6,P14,c8,0.0001224166771862656
B6,P14,c9,7.049217674648389e-05
B6,P15,c0,0.0004945824621245265
B6,P15,c1,0.0009484459878876805
B6,P15,c2,0.0006836854154244065
B6,P15,c3,0.0008890116005204618
B6,P15,c4,0.0006027859635651112
B6,P15,c5,0.0011496037477627397
B6,P15,c6,0.0022151321172714233
B6,P15,c7,0.0010844629723578691
B6,P15,c8,0.0006075883866287768
B6,P15,c9,0.0007932485896162689
B7,P01,c0,0.0014543841825798154
B7,P01,c1,0.0005016939830966294
B7,P01,c2,0.00036234158324077725
B7,P01,c3,0.0005939181428402662
B7,P01,c4,0.0016025627264752984
B7,P01,c5,0.0003594834706746042
B7,P01,c6,0.0008181199082173407
B7,P01,c7,0.0004561802197713405
B7,P01,c8,0.0003006547340191901
B7,P01,c9,0.0009768652962520719
B7,P02,c0,0.00018786941654980183
B7,P02,c1,0.00021695034229196608
B7,P02,c2,0.00021679939527530223
B7,P02,c3,0.00028425766504369676
B7,P02,c4,0.0004215531807858497
B7,P02,c5,0.0001889919803943485
B7,P02,c6,0.000272540986770764
B7,P02,c7,0.0001288197818212211
B7,P02,c8,0.00019827151845674962
B7,P02,c9,0.00021722355450037867
B7,P03,c0,0.4193895757198334
B7,P03,c1,0.00017753898282535374
B7,P03,c2,0.001233719172887504
B7,P03,c3,0.00029684556648135185
B7,P03,c4,0.0001403566711815074
B7,P03,c5,0.0001593166816746816
B7,P03,c6,0.00016796027193777263
B7,P03,c7,9.145343938143924e-05
B7,P03,c8,0.0002521912974771112
B7,P03,c9,0.0001275871618418023
B7,P04,c0,0.00011454725608928129
B7,P04,c1,0.00014810371794737875
B7,P04,c2,0.0003962107584811747
B7,P04,c3,0.00013957696501165628
B7,P04,c4,0.00028058848693035543
B7,P04,c5,0.00035778325400315225
B7,P04,c6,0.00021354356431402266
B7,P04,c7,0.0001998729567276314
B7,P04,c8,0.0001716080296318978
B7,P04,c9,0.00030691889696754515
B7,P05,c0,0.00015371284098364413
B7,P05,c1,8.802624506643042e-05
B7,P05,c2,0.00022237692610360682
B7,P05,c3,0.00035961507819592953
B7,P05,c4,9.062195749720559e-05
B7,P05,c5,7.723185990471393e-05
B7,P05,c6,0.00021349330199882388
B7,P05,c7,0.00010108636342920363
B7,P05,c8,7.78388130129315e-05
B7,P05,c9,9.360181138617918e-05
B7,P06,c0,0.00029566718148998916
B7,P06,c1,0.0002585955080576241
B7,P06,c2,0.00010038790060207248
B7,P06,c3,0.0003032676177099347
B7,P06,c4,0.0001961983653018251
B7,P06,c5,0.0002459180250298232
B7,P06,c6,0.00014373207523021847
B7,P06,c7,0.00028327343170531094
B7,P06,c8,0.00016955893079284579
B7,P06,c9,0.0001775628625182435
B7,P07,c0,0.0007382495095953345
B7,P07,c1,0.0013112418819218874
B7,P07,c2,0.0016700474079698324
B7,P07,c3,0.002040485618636012
B7,P07,c4,0.0014591243816539645
B7,P07,c5,0.0011634345864877105
B7,P07,c6,0.004398347809910774
B7,P07,c7,0.0020476551726460457
B7,P07,c8,0.0006155446171760559
B7,P07,c9,0.001181872794404626
B7,P08,c0,0.0003959053137805313
B7,P08,c1,0.00024445130839012563
B7,P08,c2,0.00018422072753310204
B7,P08,c3,0.00028694761567749083
B7,P08,c4,0.00032125978032127023
B7,P08,c5,0.00042867480078712106
B7,P08,c6,0.0003222521336283535
B7,P08,c7,0.00032818166073411703
B7,P08,c8,0.00035621781717054546
B7,P08,c9,0.0004206415615044534
B7,P09,c0,0.00015750025340821594
B7,P09,c1,0.00013094897440169007
B7,P09,c2,0.00012925967166665941
B7,P09,c3,0.00014288537204265594
B7,P09,c4,0.00021487317280843854
B7,P09,c5,0.00018571384134702384
B7,P09,c6,0.0002636909775901586
B7,P09,c7,0.000104229235148523
B7,P09,c8,0.00019224015704821795
B7,P09,c9,0.00015104077465366572
B7,P10,c0,0.0036710924468934536
B7,P10,c1,0.005352245178073645
B7,P10,c2,0.008010323159396648
B7,P10,c3,0.0017175105167552829
B7,P10,c4,0.0031846940983086824
B7,P10,c5,0.011969147250056267
B7,P10,c6,0.004887817427515984
B7,P10,c7,0.0024815222714096308
B7,P10,c8,0.003204619511961937
B7,P10,c9,0.005937657319009304
B7,P11,c0,0.0005061983829364181
B7,P11,c1,0.0012676500482484698
B7,P11,c2,0.0003578077594283968
B7,P11,c3,0.0002450323663651943
B7,P11,c4,0.0006395131349563599
B7,P11,c5,0.0005808289279229939
B7,P11,c6,0.0002451627515256405
B7,P11,c7,0.0003862760204356164
B7,P11,c8,0.0008710796246305108
B7,P11,c9,0.00027510387008078396
B7,P12,c0,0.002756670583039522
B7,P12,c1,0.002176460111513734
B7,P12,c2,0.002586761023849249
B7,P12,c3,0.0012840963900089264
B7,P12,c4,0.0019185945857316256
B7,P12,c5,0.0030825315043330193
B7,P12,c6,0.0011762091889977455
B7,P12,c7,0.0022561410441994667
B7,P12,c8,0.0008656386053189635
B7,P12,c9,0.005176703445613384
B7,P13,c0,0.00478749256581068
B7,P13,c1,0.0008521637646481395
B7,P13,c2,0.00028298646793700755
B7,P13,c3,0.0006463683093897998
B7,P13,c4,0.003023693570867181
B7,P13,c5,0.0001515529293101281
B7,P13,c6,0.001705585396848619
B7,P13,c7,0.00029146173619665205
B7,P13,c8,0.0005367819685488939
B7,P13,c9,0.00016112612502183765
B7,P14,c0,9.798890096135437e-05
B7,P14,c1,0.00017922694678418338
B7,P14,c2,0.0003211027360521257
B7,P14,c3,0.0001487584668211639
B7,P14,c4,0.00011128403275506571
B7,P14,c5,0.00011861365783261135
B7,P14,c6,0.00030914045055396855
B7,P14,c7,0.0011144323507323861
B7,P14,c8,0.00013132562162354589
B7,P14,c9,0.0013008038513362408
B7,P15,c0,0.0006009514909237623
B7,P15,c1,0.001223744242452085
B7,P15,c2,0.0006194825400598347
B7,P15,c3,0.0006368889007717371
B7,P15,c4,0.0009239183855243027
B7,P15,c5,0.0006188700208440423
B7,P15,c6,0.0017251691315323114
B7,P15,c7,0.0015032637165859342
B7,P15,c8,0.0011537090176716447
B7,P15,c9,0.005339002702385187
